fecha,AAPL,GOOGL,MSFT,AMZN,TSLA,JPM,JNJ,XOM,WMT,PG
2024-01-03,0.04295333378547261,0.006914554580318175,0.021186074342613066,0.03478297770187418,0.015396156392599012,-0.01837298870142486,-0.002898618627036669,0.010060260360859073,-0.0013067643853142553,0.006258693105097818
2024-01-04,0.01133845949577847,0.01538115471533481,0.014289117136569086,0.011195086129992222,0.02640569005709441,0.02160478635580387,0.020631306200534185,0.01541746693834466,0.02139934629152106,0.012626796485888311
2024-01-05,0.01732378004190239,0.012578809844417914,0.016803608511441814,0.033350529319438174,0.03944820745932369,0.008302347810767797,-4.6272428475983433e-05,-0.0070267589468884254,0.015614195964463132,0.00017648058688928366
2024-01-08,0.00029378523437620607,-0.03477322290376452,-0.011170904777174263,0.003872294786164726,-0.02004017338471311,-0.019782335111422435,-0.017553189956266518,-0.01899564648015018,0.014270088692020937,-0.011708789007327962
2024-01-09,-0.011927409392477465,-0.0037475335067743017,-0.006393295473790611,-0.015314309479072245,-0.02080383450102448,0.007242114081320415,0.001466664656480441,-0.014806285682897715,-0.017098188062549993,-0.006411343406937607
2024-01-10,0.008701534440559806,-0.0020377265622077913,0.0005330591351740471,0.003718068330579317,-0.012612839398021896,-0.012996192550039736,0.000289939970456217,0.0003458276198646288,-0.008895075753757994,-0.003997056184320409
2024-01-11,0.03545007822469825,0.02027469519595278,0.029505385071378183,0.04409468053550817,0.058346653575447126,0.026599950820157238,0.00977690529553686,0.012429199726090205,0.011628429278357728,0.019815985222199534
2024-01-12,-0.010275496929168583,0.0006957335230162732,-0.011240909485909799,-0.00392595314151508,-0.004659364665520585,0.027464634046437165,0.007792932669428375,0.015008618279122718,0.00531675710203398,0.008662138639064825
2024-01-15,0.006143358593454693,0.0014594117593383633,0.0008261571946878306,0.014110872640733556,0.01058282277462324,0.010055512816805633,-0.00578421539063829,0.013523853820523554,0.013159781564203199,-0.0007250432414517976
2024-01-16,-0.019769367004625903,-0.005531695366634337,-0.0038320600895120896,-0.02876301323846645,-0.015505030334860588,-0.023542163346947285,-0.0003999353211884992,-0.03494490806363616,-0.011635261778741874,-0.015017917187262229
2024-01-17,-0.010419022919175404,-0.017641266446446095,-0.009681537450949573,-0.002339287237083873,-0.02435277244721344,0.01106585928678209,0.0012914598426519831,0.00847171753562723,-0.0022661757523405783,0.001965182876785995
2024-01-18,0.002760256538523097,-0.005658542843614192,-0.013500599145017597,-0.019717604900399928,-0.01988492517450747,-0.03918045415381344,-0.016523450211903632,0.003852130246441781,-0.0015632021108141847,-0.007566872797618839
2024-01-19,-0.009431753404816919,-0.00234109136946022,-0.009126960481411931,-0.0038561796763698555,0.0013763570872004616,-0.02641400447488699,-0.009403335944241423,-0.015048581395679828,-4.002849753682317e-06,-0.014196184829429343
2024-01-22,0.015990818483243047,0.0029301132455029394,0.01319064873500713,0.006717341954411437,0.0031940202231868827,0.004808079424202028,0.005268549008835331,0.027588998875392682,0.01664321005576837,0.013927977941111303
2024-01-23,0.003913466856963763,-0.02892247969855727,-0.010884658312381234,-0.0054365961287352205,-0.026998929562885448,-0.00930910492395603,-0.01052106662768684,-0.0037848787020306382,0.014861668257377619,-0.0031985222143472588
2024-01-24,-0.0026714931048507427,-0.0007291122506721647,0.00876788043659418,-0.006444161850377413,0.0014274596131870403,-0.005939601944868574,0.006470535536041944,0.00364547052089357,-0.000540541648398742,0.005403531734469833
2024-01-25,-0.007704848860313031,-0.01447558785295488,-0.010753613189641987,-0.01061147143915804,-0.004749695487599174,-0.02571126682891898,-0.0027846252725813227,0.004521863127835902,-0.0005223822130879968,-0.004714196021832676
2024-01-26,0.02377653382393228,0.016272442617977334,0.01169361919268918,0.027250994290936872,0.018196740632154092,-0.0031070112293468005,0.0014380518582679106,-0.010007468628646236,0.002644538354977158,-0.01004984876341061
2024-01-29,-0.021003551507203046,-0.01086121238201922,-0.01423554772640711,-0.014239178301285045,-0.014353590910820703,-0.02308678501764098,-0.018950889949619725,-0.01699476394701085,-0.022994368826307236,-0.008901322937376235
2024-01-30,0.015092482276220382,0.02679703726633408,0.019490020074101028,0.02884152745855309,0.04353526940858685,0.009340052934890548,0.012994458640947209,0.01112472198260068,0.005308869287813337,0.007586615732546409
2024-01-31,-0.02049592712598287,-0.028806265309950285,-0.011131855087415647,-0.0275532429630531,-0.04312255107267736,-0.05189277732232593,-0.01686402350653044,-0.03818264212159511,-0.022363081731185435,-0.017781030393993744
2024-02-01,0.006861188308177182,0.012872150073441835,0.004768818808573597,0.02042639128825279,0.033099352136140896,-0.0037118276031317186,-0.006848247368020705,-0.01574005824753328,0.004918392062781521,-0.014023866663558489
2024-02-02,0.02675783357992239,0.021910287705059737,0.030946392473445886,0.02010824567790204,0.02997889615709947,0.01211307710325753,0.004630633305992897,-0.02661471049430832,-0.0030903911222090377,0.004135342266035448
2024-02-05,0.025365226210552188,0.022520694440892268,0.017498681177799607,0.033439989321890407,0.028977395713014532,0.008968595706433585,0.011297674902077157,0.04954353966956974,0.025149222495345683,0.00320769239649503
2024-02-06,0.008462616628885897,0.021804641863792426,0.010856713350794515,-0.002512987619707973,-0.005187250240455564,-0.003722764389826859,0.0030499518366366484,0.010061010988195849,-0.005083778489620211,-0.008874814576091442
2024-02-07,-0.0017023265596053105,-0.010030147811126306,-0.013626914501270196,-0.00901316120113689,-0.0032599461773574426,0.0005782873141155471,-0.0027813065358519716,-0.004417139643859865,0.0025855548194447953,0.00024291408047046148
2024-02-08,0.00371080698031956,-0.008599787585412424,-0.00803636202884693,-0.011609527238302126,0.004204301336783733,-0.005393663283774517,-0.017087291048269764,-0.0100054664340123,-0.0006160675595281632,0.006147140245340459
2024-02-09,-0.017622525134411694,-0.013820504131244674,-0.013093868521487034,-0.03525579097812176,-0.034509088096682725,-0.008007351512827538,-0.0025567666516373875,-0.007704904249817153,-0.002833866876192029,-0.007228909942839412
2024-02-12,0.0024204252498911906,-0.00011763004022954803,0.006789795275279089,0.012529207695631756,0.0016787658345504216,-0.013821827230212792,0.00495672141908804,0.029417207391935794,-0.015100566247547928,0.003164955782283216
2024-02-13,0.004848006820506867,0.01728027085231218,0.009902670056324047,-0.015425817737256578,0.02933083650511467,0.0016676369685566207,0.009962885011402378,0.004609888872162926,0.016818580322305054,0.009592698138345308
2024-02-14,0.009619028995153767,0.00743906264439372,0.005280618367922872,-0.006173643396451611,-0.024381232829424546,-0.009913796092527759,-0.012193151246101814,-0.011704896078388611,-0.007177956849581612,-0.014620589963110171
2024-02-15,0.02234726985478027,0.00021757929620620176,0.008207464110250518,0.015987059501727498,0.007037328992936468,-0.0014182396388757678,-0.005308124456675901,0.013986740358053265,0.005510475236930944,0.007668847010335985
2024-02-16,0.015091699876952847,-0.004608741433686591,-0.003971972165856764,0.004739764798670894,-0.0013268822623457566,-0.008559140983145494,-0.001580881138860843,-0.0171632489248369,0.017126691151784883,-0.015590574505533096
2024-02-19,-0.008166159957207162,-0.0037439782222526826,0.0035331725719013737,-0.0034419089239024893,0.027541275477037185,-0.005525963259507183,-0.00926244576827351,-0.014000115483133737,-0.004044205792560692,0.009083753432359086
2024-02-20,0.003827945828630897,-0.01031030060758435,-0.004788347088927243,-0.005626619632677378,-0.005045543527389471,-0.027813284234166586,-0.009457786236335228,-0.010768849790692075,0.0005292445619239734,-0.0022623413753754757
2024-02-21,-0.011058966568139619,0.00800578903316438,-0.0025539644081767872,-0.0065811146888130265,-0.0026478757359011686,-0.007141846555780364,-0.007683786765581974,0.010758881403003325,-0.01955960695591562,-0.002980678944612361
2024-02-22,-0.030583510195307913,-0.002412489890787565,-0.00449395320248522,-0.022535080688679505,-0.03294714635911755,-0.004559500527377693,-0.0019214956911184048,-0.020883870703082327,-0.017458728140025487,-0.019936965591964888
2024-02-23,0.008799601201846181,-0.0003501486256710499,0.013874542043640765,-0.0083956048451341,0.008449452417240612,-0.03242299049431856,-0.005172837922667068,-0.026116221394514194,-0.0005967546624494854,-0.005717452552032646
2024-02-26,-0.019736442240820853,-0.0013442091872023136,-0.002439295708550215,-0.02906538235028938,-0.027496421688123756,-0.018980763077275416,0.00012686359715360947,-0.026338934592329673,-0.02440591320470967,-0.007776346067210575
2024-02-27,0.022522133714417164,0.0018907192211801383,0.014459494397163144,0.014455855778439032,0.011184511721632947,-0.011862468076566591,-0.003496440205614972,-0.010534702953852086,-0.008169862636945104,0.0026814284358024436
2024-02-28,-0.020919152361071506,-0.00892951593869125,-0.016750503652612637,-0.022800466925108037,-0.028740871053296306,-0.00031454556133115187,0.012781950456926984,0.012021251454843195,-0.013207288873399742,0.0009331094275147576
2024-02-29,-0.001464932024267329,0.0063694082828809045,0.004632494787717417,0.003564574902912649,0.01331139219137763,0.01612488238353258,0.004721413665806497,0.007790278029798736,-0.0144002439510225,0.014799675676640079
2024-03-01,0.008113962897475076,0.0001769481798647029,-0.004598026389301008,0.0014647101998667544,-0.011672472969017248,-0.013604058355312138,-0.0036462036670064906,-0.0189498079443544,-0.022409492511369096,-0.006848447453287642
2024-03-04,0.009081322525572571,0.007464290421487643,-0.0001766961133409911,0.015023263627424122,-0.013834030310512255,0.026075483370886093,0.018277482174658497,0.03233332331927505,0.007534422888300556,0.011969479719953522
2024-03-05,0.005825750095788558,0.012336307817767277,0.003300965684066227,0.009682634447553946,0.015239134148361323,0.01698468666889442,0.002013246632755224,0.023241165830294595,-0.0008438286750951799,0.009059267546668092
2024-03-06,-0.004863232608051112,-0.013505911933113658,-0.010305312382619856,-0.021650491730273412,-0.019280663468501994,-0.007404525700064981,-0.002856530888190657,-0.030222511939820517,0.016705395696859124,-0.008972483136136506
2024-03-07,-0.02717104633982793,-0.015379531502981356,-0.020478463924971737,-0.04374123040555966,-0.021319662770897457,0.001803887529575334,0.0007814089433754607,0.0015138388004752173,0.0019031255554083364,0.010403754308091585
2024-03-08,-0.003460833500127256,0.01971682376751488,0.009991860571140902,-0.004137360781866282,0.008508732842024302,0.012751684690775224,0.009450474173594592,0.009721967923306667,-0.014464196880352779,0.004391200749625469
2024-03-11,0.016963221814507764,-0.007498236498436809,0.013871150423057185,0.01522418281933275,0.004669961605088583,0.0066145216446582365,0.01800524569057165,0.0061334743416861315,0.018843930395583068,0.011538141714477795
2024-03-12,-0.009371784422486831,0.007969924947109576,-0.015968041628189093,-0.01651389776194501,-0.023470289835667974,0.022669573696240407,0.01823323477497148,0.03506747163608504,-0.004141437516459372,0.012706928341144728
2024-03-13,0.00291161096144967,0.0053685556829002464,0.005605109088642223,-0.008714074121881311,-0.0002924783055454268,0.004036650035852127,0.0003173051403534554,0.004275718301465132,0.025281971459330373,0.000740480547485629
2024-03-14,0.00460708883905323,-0.00016406779492583506,0.0007698117726939071,-0.007759583067099585,-0.0019127753248099533,-0.015646756989434275,-0.0061240052552839494,0.007291520738898785,0.004652205358559591,0.001032467850942536
2024-03-15,-0.008295415136990964,0.010774617491873513,-0.0004967566619329501,-0.02770399650990633,0.0028185156160251724,-0.005198310414695511,-0.0032924278854547123,-0.028153758074345114,0.0034745359937571165,-0.0004759174246262523
2024-03-18,-0.02412350782912726,-0.010039799768170193,-0.007033796374625124,-0.03234114628095893,-0.01688883663779037,0.004593600731410935,0.00806410495129202,-0.004703001360534999,-0.0013955848339012587,0.0030456236832874504
2024-03-19,-0.000742994970839961,-0.0011283662791742248,0.006624789734527724,-0.007585325181108981,0.0013090400214079655,0.0010839705430532502,0.007876439179375654,-0.01870089791263183,0.002065670452988901,-0.00194326766314384
2024-03-20,0.014501517454512213,0.0061147490532137295,0.020572115008863245,0.02418542235327748,0.009972582843702482,0.003021351287399322,0.015750130196910128,0.027406981704407363,0.004835649307878724,0.008238638104497098
2024-03-21,0.0013575892370438715,-0.00379938988327937,-0.001139205682921253,-0.013867744581369263,-0.01929602621120464,-0.02919977690135663,-0.016563999964237252,-0.00540758836486824,-0.022574916595616234,-0.008224765558025229
2024-03-22,0.001453101301464193,0.0019011081255683887,0.00625595493047688,0.0003288969546067558,0.016770619485830855,0.0011476071845736076,0.022353021974788268,0.051052659856811775,0.020619065604047828,0.017042380256075348
2024-03-25,-0.0034017726391586955,7.479479054256329e-05,-0.01733931862737747,-0.02480444331520686,0.0033404023639714334,-0.001967616350759841,0.011214024851694777,0.01586886320076301,0.011576599188214513,0.008486902081880427
2024-03-26,0.00413972554296024,0.0023927849009537715,-0.009106499304932913,0.02957415437926237,0.010619491772357447,0.0049460256653722475,-0.005932421114125484,0.011266257806868431,0.008005895965889387,-0.005514505270964089
2024-03-27,0.007451848679679414,0.01942426511899745,0.0037642726622171903,0.024133524505706352,0.039981467299759,0.018487491009489827,0.01000857201771654,0.011889580333879452,0.010909763254456157,0.012214718922552006
2024-03-28,0.015368904349296927,0.015660265657003715,0.01306382326018135,0.010939852889283723,0.025797321448608385,0.01256868415369992,-0.0007611586060248238,-0.0023198772117326324,0.007286701843349483,0.005034939839072544
2024-03-29,0.008237438580759298,-0.01591325876701441,-0.00690540473134767,0.03544533022084611,-0.0081079456601515,0.0022794960626298317,-0.02659022843465044,0.006646674305328974,-0.0010186013289859132,-0.0050327988409383136
2024-04-01,-0.005773652163335276,-0.008056182798797322,-0.014102889767530116,-0.001637168764995944,-4.474170772008601e-05,-0.0029791864139221526,-0.0061307513561821075,0.002633103855700248,0.006365696508588601,0.00229154931858723
2024-04-02,-0.0037785941384607374,-0.0013022422925787842,0.0012100527643805073,0.00293677966531524,0.006457926112175525,0.009635941611505817,0.0033287452411585984,-0.006695503931223829,-0.003060584906778858,0.005016275963558097
2024-04-03,-0.011677560274939356,-0.02825953762634961,-0.013176339256258324,-0.00885450192573498,-0.01735740133410496,0.002646385223820749,-0.0092244885689595,0.005711706481350342,0.007377065163499437,0.003401676971513651
2024-04-04,0.00442550181327682,-0.005321631061276506,0.013749927247758755,0.045613212069734066,0.016033123482288417,0.023861635443628893,0.005878090539864779,0.01829582142707492,0.002109721642430723,0.009552376401858515
2024-04-05,-0.0024811623021551384,-0.024627145918718105,-0.008514161946161464,-0.022911012519692537,-0.016631019172822618,-0.012494801135963093,-0.005396558862426113,-0.011274533897424553,0.01377947625257851,0.005055597083913912
2024-04-08,0.02445760595059002,0.019367424348953808,0.03234529529940919,0.035727951055853906,0.026480398660634945,-0.008806298406312345,0.008345130036307586,0.019548986772900265,0.010633594897912562,-0.006447478820085234
2024-04-09,0.004615297485231601,0.011327426700730246,0.009948555341146272,0.015182290381757241,-0.006609311327879193,0.014822518418198496,-0.011003593411646233,-0.01656307185830122,-0.006722286888771369,-0.009583957585303438
2024-04-10,-0.019752819348594366,-0.02639061367226443,-0.02266965197010659,-0.0036601454652461156,-0.04116201776292633,0.006602584058653537,0.0020342343358121916,-0.009986209298749325,0.0039788220076330495,-0.008593136613987643
2024-04-11,-0.0027268145805145155,0.00471649259989056,-0.009863920989671175,-0.017802197890982016,0.010612949656847278,0.004687701433912706,0.011483714071007546,0.006345751920944967,0.002501332743599369,0.011644317671879697
2024-04-12,0.02657944507080985,0.027762434869400904,0.024488366926292356,0.017184333339242575,0.020422435774081527,0.013558033974648664,0.0006449112596452246,0.025993077327971712,0.010873007753982644,0.008945577270316168
2024-04-15,-0.003127459224588959,-0.018702062151789316,-0.0015787218097345673,-0.01599851587287278,-0.028986932646982818,-0.015937826488888987,-0.00623522664650436,-0.009267429523071928,0.006890028177226093,-0.006148711623771242
2024-04-16,-0.007499206709036272,-0.013905435614813657,-0.005021625368020617,-0.007620989531928759,-0.019935324061554564,-0.005637969697616624,-0.00942967523834614,-0.009555734078018751,0.005935163670507629,-0.009483215668257505
2024-04-17,0.014894091805693385,0.017025727372773778,0.00023690678526941956,0.022838641185362482,0.03497365058620772,8.269580387562292e-05,-0.011727089071564521,-0.005803264546414278,0.009268636995601525,-0.005572092773921792
2024-04-18,0.028792754960669287,0.0008797611521021331,0.007491816627590301,0.03415706659228591,0.030015922107701702,0.0059758506557322935,4.423394095787096e-05,0.002838361730848845,0.0039039931845144594,0.012656605685324437
2024-04-19,0.010880145141674664,0.01438928570131621,0.012532262702267498,0.01639974400279089,0.03296064748218345,0.029324002401679518,0.00468357419642778,0.03863377039646401,0.016928203850595173,0.02913127964272826
2024-04-22,0.009324364584445704,0.004355636944206027,0.012473973795476182,0.028305446150152916,0.025649958813661392,0.011073401365414725,0.0027806519574159394,-0.009741594196743635,0.026252386196068785,-0.00700249945403271
2024-04-23,0.008163389440977345,0.0029218889099925853,0.002489784666457752,0.01431659386143552,0.004562844587634137,0.012595823753564023,0.0046640728445707415,0.014350508389921052,-0.0064994911511895015,0.0054968830733274415
2024-04-24,0.002732991670588701,-0.013288967342151342,-0.006246491543470288,-0.007312439347444268,-0.012224271769427161,0.013539299907281905,0.004195066813836457,-0.012106355409296145,0.016197837039409524,0.0017446794002836225
2024-04-25,-0.01774074152049972,0.0018677627157355921,-0.0016120642509329887,-0.010254327109610765,0.008836035895129248,-0.011937149292864182,-0.012136595300400262,-0.015655720426728185,-0.020629130819175123,-0.0027295332383850453
2024-04-26,-0.028820962678157543,-0.015562010063560708,-0.010053979709729016,-0.030375768978865837,0.0003600056727957036,0.02662788174997454,0.013468093483875763,-0.01592797537000543,0.008387382430361433,0.01400120201604483
2024-04-29,0.006398603649980053,-0.003956201351299075,0.0009859443783975415,-0.0004132834526407974,-0.007814419449621109,-0.012784098733211383,0.004203137298298215,-0.0012504331660909147,0.0017642805922399294,-0.010125728845230218
2024-04-30,0.00653234735415058,0.01553516299626598,0.013011751146492641,0.010504653298446943,0.014267165966273644,0.009196448085883106,0.005173110482805036,-0.004668800612202009,-0.0019530178406838357,-0.0017294213517170419
2024-05-01,-0.026228781064640567,-0.0195021964934377,-0.018538814763312393,-0.007409049952600751,-0.016175966497194588,0.0011277506585694287,0.006019890593867112,0.014165196476970478,0.0056087041514904425,-0.0005870712909576451
2024-05-02,-0.002426863166538345,-0.009320351717764458,0.0004498996626004408,0.006470452203183472,-0.023289152669095016,0.0016770775155634525,-0.002134603373654801,-0.006814933816839814,-0.00947960469478295,-0.008267593983934141
2024-05-03,0.029736041395665203,0.014728007966758891,0.014635788891276735,0.0307899108080174,0.04818020143603801,0.011198630486863979,0.002918614529625539,-0.0007057317063653194,0.003395546741345318,0.01377676484042704
2024-05-06,0.015834076046852563,0.022863960266856553,0.01962305184454869,0.018501232938230437,0.03441510273963667,0.022875060172871955,0.021612928563363297,0.0098095673105941,0.024162291437062278,0.009813605253502616
2024-05-07,0.008382666755639328,-0.0013454122126733258,-0.0038847254423302613,-0.010649737953622172,0.018541335453891566,-0.008214698523463002,-0.005650748643357728,-0.008789774850333372,0.009810026891121345,0.010783356684195862
2024-05-08,-0.014500216217392966,-0.012982129586028663,-0.011050403685944905,-0.010284224552077323,-0.021206517114861972,-0.00891551315472035,0.000542012121434248,-0.000419355826233441,-0.0018973560385566462,-0.010020193153345363
2024-05-09,0.013857731752393515,0.009937799610421807,0.020807938179246248,0.02193104414920632,0.01702429368579056,-0.004608652827928298,-0.0016845762412785066,0.013951765121508596,-0.00422147651205321,0.005007301733318158
2024-05-10,0.009245562489741585,0.017410260743771718,0.010488317149494397,-0.005926170661666091,0.0217887595271731,0.010410122405808644,0.00803658234645739,0.0017783682488901947,0.005669767188668965,0.012963533420221855
2024-05-13,-0.030595390586412207,-0.03441207458694525,-0.021852373483952654,-0.028240050505160125,-0.06433616755559346,-0.01308430412087415,-0.0064928619805281595,-0.01597366480287665,-0.01793663118111734,-0.012808996693036808
2024-05-14,-0.02784091828922773,-0.024725875774297676,-0.02135439405727949,-0.04573084880840336,-0.045814058460020936,-0.037678836326509146,-0.014958634944745398,-0.0068271758568841465,-0.016798706502007106,-0.006734211163432757
2024-05-15,-0.0020571776621558665,-0.006970059605882017,-0.009255842096172978,0.0013603506131827654,-0.008777022978282242,-0.0042572590785249775,0.0061067993637436355,0.022216264047907483,-0.00619571398906177,0.003887614293205523
2024-05-16,0.004243171228880986,0.0015621115322853982,-6.094251169808076e-05,-0.019660846766562465,4.03925052979591e-05,-0.012889747235761624,-0.000826518084948775,-0.010470783535987344,0.004367352535295721,-0.0074515410494025115
2024-05-17,-0.004100660938570246,-0.0007368519458829402,0.01484859683619401,0.002912173625968341,0.01479848407572416,0.006842741214713984,0.02004819735612753,-0.011183295049549678,0.0064750775169917524,0.0006179907993407575
2024-05-20,0.010608806930258265,0.010211907904301482,0.017416211184203976,0.01846201454004801,0.0293836756387938,0.005735501781420543,0.0032046492305168937,-0.002805262664838981,0.020162715114463117,0.003223544294756098
2024-05-21,0.02338694685540739,0.03112027737858005,0.021420938479826464,0.020766780610823196,0.051121008160430324,-0.01960130526877005,-0.004013363228862785,-0.0016413648979580206,-0.002027307051860122,0.0033332758853879697
2024-05-22,-0.008192386014481991,-0.014545783319838367,-0.014615391083662813,-0.015322523010315543,-0.028772307990062137,-0.00998070333241724,-0.019153472512068115,-0.02250599335460598,-0.011666150031006566,-0.012952400879089929
2024-05-23,0.02751050050674272,0.022831397654045658,0.017359804820555144,0.03101700606318704,0.05512203108575624,0.018945918857246575,0.01659827488057909,0.009171653033938238,0.013528069201974803,0.019787740654374823
2024-05-24,0.015925830118386736,0.017624153686273614,0.02125111475076458,0.005957477542664517,0.040482764727088325,0.024273059997811472,0.018207047904316938,0.006037712211535715,0.009065007189934405,0.02282055965048789
2024-05-27,0.004552428274466046,-0.007579492719399804,0.0036593604385365187,-0.005637492342185469,-0.023467115014911097,-0.021304838694543558,-0.007127280097939745,-0.02199722144621468,-0.00654054264597787,-0.012575820861620719
2024-05-28,-0.0012341709228446656,0.001620784228807219,-0.0009007856817549861,-0.0002893921269486325,-0.00900396983176094,0.015372686877118007,0.004552060700180323,0.004650433355568322,-0.001956217099675329,0.0008742161302436086
2024-05-29,0.008430448553307348,0.016755242693493443,0.0010715320843201113,-0.028901582489088196,0.02703077157219368,-0.019045303052713423,-0.007223204917993733,-0.008110205495024067,0.006374949081901597,0.010374981672577891
2024-05-30,-0.010586900307864118,-0.011435961368353302,0.0029734697557850516,-0.014709478026712056,-0.03425976351184104,-0.004615999683809244,0.009497629594975847,-0.011404085462270145,-0.008058290311990143,-0.009176137855515975
2024-05-31,0.006116629343694984,0.012443728802604961,0.0024086005221352546,-0.02122210030698235,0.00032934337525432724,-0.004543837216495559,0.003655149387924019,-0.008759147025656751,-0.005614973971954018,0.0032974736901916673
2024-06-03,-0.00590718753866137,0.007382935601752635,0.0008464282810153246,0.0005649646897754466,0.005811486719954069,-0.023661083027815027,-0.009511971656375988,-0.010714944191817231,-0.01783037365440917,-0.015305473347455582
2024-06-04,-0.030249928010407864,-0.0032553828808615562,-0.013996779261640635,-0.014731963924521333,-0.02755529912197627,-0.00045098987053713815,-0.02024604453542188,-0.0020539560403218388,-0.011746499341259133,-0.015269540785665132
2024-06-05,0.03261011843337996,0.00951399086199436,0.013503641719207675,0.018803977133747145,0.010793027382394007,0.02721964692216013,0.007927709445393524,0.011525074048263011,0.013392543407361858,0.013120500792984276
2024-06-06,-0.012853148392164344,-0.0009961283020638026,-0.007224444923648461,0.018253720683279562,0.02157024928913777,0.017636679430456048,0.009978151689506424,-0.008518823163920414,0.011999193136182086,-0.0070110408978111384
2024-06-07,0.007361668360026465,0.003017510730583045,-0.005701199429854303,0.005048247317636188,0.013373027548940888,-0.0028192709598008126,-0.007122833007553011,-0.00023247588490599673,-0.0021412105499551484,0.00661321361683692
2024-06-10,0.025183532803909878,0.018627544774421488,0.021372262909583578,0.041950469797598464,0.04015438520511417,0.0007977110265871386,-0.007027800622532243,0.025622851194059267,0.0063558453354707264,0.004777366408588683
2024-06-11,-0.018584101809755026,-0.02621006628823673,-0.023560896657397946,-0.020976712708051595,-0.040759249983676214,-0.00882069498739109,-0.009283343402414395,-0.02547642264156134,-0.005492238670243651,-0.01327654040488566
2024-06-12,-0.022463526330702532,-0.020173994206012534,-0.015664148937926045,-0.015613513431798474,-0.010543030592408293,-0.01633498813090771,-0.00834051763891137,-0.013979277258707625,-0.005164318973165877,-0.007735890851289922
2024-06-13,-0.007470725422871838,-0.02206086434253038,-0.023033000097311414,0.004663870753824621,-0.021418003833149075,-0.0011812460605369452,0.004001761843378039,-0.0002452048346576649,0.0027274374588550972,-0.0014034291751552762
2024-06-14,0.006633447966822173,-0.005654446069952785,-0.010893732115239323,-0.017584106984666902,-0.020785340978962754,0.002322157636434301,0.007158819369724809,-0.0004670065506576372,0.010827991005531041,0.007455331231150949
2024-06-17,-0.019739621345167747,0.005786582366681688,-0.007022776460011113,0.006555308240285775,-0.0021523386455604946,-0.0027026842140531657,-0.006282860819721711,0.004822861071692682,-0.011257235461633935,-0.01297233124011388
2024-06-18,0.019320390890696836,0.026468976287396473,0.017656903475021277,0.02114466208520498,0.03910273289589598,0.02263170187789362,0.0004409519703852163,0.0008504130157542628,0.005147188869814517,0.00714405862749583
2024-06-19,-0.018666014398559708,-0.005202424111599817,-0.009707309964529467,-0.02317710578763094,-0.008879325783488342,-0.03071837103214902,-0.012227471030203819,0.009388362507198314,-0.003112402649580963,-0.013915244695083227
2024-06-20,-0.011674929390220547,0.0035166080566116594,-0.00448753007043213,-0.010846380248140202,0.005776413281286712,-0.00033301084763257607,0.014215875384546871,0.008572824124404237,-0.0033068125204486188,0.007803052229211778
2024-06-21,0.01073724163836124,0.003919753123418169,0.00837653579438537,-0.0020768924099914994,-6.31581091161555e-05,0.011966847665714382,0.010648669283405776,0.025526390952412138,0.012494204898681962,0.012483468589488197
2024-06-24,-0.014981240205443875,0.006373371710578012,-0.0020212487449889896,-0.009949069171375297,-0.0034097799530276155,0.0022925284039584945,-0.006003364994687565,-0.018139841436442098,-0.006169135244781892,-0.0053823763577976235
2024-06-25,-0.028657577064759337,-0.030308696193247466,-0.02249318129257194,-0.032323500072647386,-0.05474235683067351,-0.011930016414498494,-0.0071871767488824395,0.002284563200953989,-0.007624900835758195,-0.010988034654034624
2024-06-26,-0.007867118360442788,0.009252410242276875,-0.0056018608712312705,-0.013727236348846218,-0.006348959101345657,-0.0041486761168831035,-0.012032382000221846,-0.010106561702297526,-0.008420534677901166,-0.010050029663703018
2024-06-27,0.020747591478512583,0.006829995220962225,0.009496875598562441,0.01769893411636655,-0.016404699567112466,-0.0047036414329959374,-0.013237721609010046,0.010938896982733733,-0.006965461697356313,-0.0032612245065399836
2024-06-28,-0.018753617615667545,0.014570430846468264,-0.002483354505262381,-0.022145876505248734,-0.00023621592592072894,0.006120317553599472,0.0025989025499803197,-0.008124135621845094,-0.02551795702706037,0.004987432800812797
2024-07-01,0.01182708424660809,0.01591015544563301,0.007513505354536474,0.013313024563957008,0.026951869129575586,0.009341420717106674,0.0001523153795260849,0.0011342265044075497,-0.0005475379018630059,0.008843630688142775
2024-07-02,0.009269782339210787,0.0005840929005234623,0.0033766663327129656,-0.025116552457462523,-0.0014002372053809962,0.010240760839846095,0.011717230469616103,0.0019404192319697085,0.010911681631525486,0.014369841794344152
2024-07-03,0.010476291864062662,-0.004389547410322429,0.008068991740332312,0.015936705377674488,-0.006704792645356029,0.011639474742895473,0.010843849507403,0.020317863002971077,0.01037102130018815,0.005631664880189314
2024-07-04,-0.015028428656959306,0.003977001919651208,-0.007120474242589092,-0.01525729830459469,-0.030706836147867175,0.010599482537778124,-0.011387808019451709,0.005318815131662342,-0.0034702443376373,-0.010522990159464441
2024-07-05,-0.03939608469248538,-0.0040515855781926785,-0.03173962487347817,-0.027279066144606665,-0.006436873938205425,0.008996326719530542,-0.004511312560281703,-0.00311892474223923,-0.00813267079298437,0.0008029682646906489
2024-07-08,0.026682624394275645,0.011908717742885008,0.020626325844496873,0.01877119906524515,0.028212455308624936,0.011559180516983696,0.015559688292439972,0.016375531576461242,0.028031233496459758,0.011299024426260674
2024-07-09,0.019042989818624394,0.009620422165751515,0.01710117874237055,0.011179738491209163,0.030893278551260023,-0.002808583643699268,0.0031012400865701897,0.0176326604043354,0.009288493318384645,0.011405240436426298
2024-07-10,0.0085243226269697,0.0029841522512677704,0.010497803265973753,0.013918103932406856,0.016398913835865062,0.007312305144341704,0.0068322567849980805,0.03615576180088595,0.0073385035454287435,0.01405059000850604
2024-07-11,-0.014917378656600413,0.0005670786750826073,-0.006502528288749616,-0.009882619423140638,0.004745571350261585,-0.006435950774797112,-0.009989681456591173,-0.029406787858696805,-9.825481963410493e-05,-0.013263727052980904
2024-07-12,-0.011547310288745399,-0.009762493100420882,-0.001631251936670556,-0.01841542073855515,-0.02178514182433823,-0.0374467812746169,-0.01513048770156239,-0.029832109142071447,-0.020288675880560176,-0.013537776873839273
2024-07-15,0.012778036520394137,0.012871197485429066,0.01876040569188561,0.02767167266309805,0.024040567412580573,0.027077197181963296,0.013349551846130212,0.046132490105208264,0.013835213740234189,0.016099412524246896
2024-07-16,-0.00443525166348118,-0.010834115892272131,0.002038948082482443,0.008972069400929178,-0.010236241873834411,-0.002428003452850788,-0.0008981920903796412,-0.008592931402231609,0.0057008232955031496,-0.011690196203441671
2024-07-17,0.002748022821854005,-0.012337793985216608,-0.0036251593921282593,-0.0041279814556819654,-0.005790125891238555,-0.0001225317271784623,0.003826285734518963,-0.00797384325818918,-0.002663039523788676,0.004627951244259843
2024-07-18,-0.027933953717534786,-0.026753187855014696,-0.022620780582092603,-0.04874713276838893,-0.0313083024452993,-0.01814638312465293,-0.008730471455465546,-0.04909846430829274,0.0024484376332339942,-0.013819119146238614
2024-07-19,0.008253458239647115,-0.011463644124437957,-0.0016791142086689363,0.019620329248920706,0.0016931686642959406,0.007125650996156933,0.0032886427167120435,-0.0011668419512276722,3.15236827200021e-05,-0.00020517923491576996
2024-07-22,-0.0015349282877212009,0.0074094907800286245,0.0027696677895294773,0.004034804445880506,0.011320143480403649,0.00027133696149890665,-0.0035017546817711865,0.032139500385034936,-0.0007698006856927123,0.017063885699485058
2024-07-23,-0.012070362886568885,-0.015717492569431214,-0.014616306363892816,-0.018826397699931458,0.009975456207615422,-0.011900586361170912,0.000498000240516896,-0.015934288298481224,0.012068551692173473,0.007071880904989743
2024-07-24,-0.026675312890240093,-0.03486200102648733,-0.012825753235996676,-0.03397726262178383,-0.054391981121455005,-0.012849784978935748,0.008987159326365353,-0.025424320652713765,0.0020413089148883902,-0.016670756860575432
2024-07-25,0.02179379432094472,0.004897712683765388,0.004580382725759127,0.010171869388059382,-0.010288357256764228,-0.004431111799631774,-0.017337108717714215,-0.01864586008329984,0.0036313578657808884,-0.008741078042957002
2024-07-26,0.006523827110340445,0.002158120924869973,0.016451246624776313,0.02525774980298655,0.011670211784862588,0.01411829250809856,0.016164234332768587,0.002654284421696843,-0.0014712937247258584,0.0026781721407312157
2024-07-29,-0.011006530035906478,-0.01036429670210939,-0.005279151975332364,-0.005879681706529055,-0.03982849477008151,0.005307159045196759,-0.00995993501740445,-0.004366170867613859,-0.026842254337730242,-0.007549944583759973
2024-07-30,0.027444350757788002,0.026459654186062397,0.028575130507291904,0.03554524961754216,0.029018722089806298,0.012049925031197221,0.004755704721306085,0.01887371183628179,0.013398130618200575,0.0006423009895371266
2024-07-31,-0.008297581594306203,-0.0034156728461345025,-0.00820082055849995,-0.02210399954999256,0.008807097515611999,0.017019997672624052,0.012661277687760394,-0.01543913501638234,0.006899436951240217,0.015193253765575187
2024-08-01,-0.004137075031523572,-0.006019793443591548,-0.006642966768713329,-0.007523151118181374,-0.0019386967749915529,0.011616970506370368,-0.004993811855740168,-0.01290740504443001,-0.0044880169573349084,0.0013324487950551287
2024-08-02,-0.0024668819667512465,0.01640799716992653,0.003238438732194389,0.015442625115239033,0.01182024564287296,0.01087404952870029,2.5956887890680223e-05,0.008137766378805103,-0.012949476051591158,-0.003498438805811508
2024-08-05,0.0035550566985348584,0.01580070828978896,0.004752585145889377,0.0038647846685636333,-0.01472165717064217,0.010040401016409283,-0.0007025427803123279,0.014470631489947724,0.00032060514763618026,-0.011194022187927803
2024-08-06,0.00021480945855497488,0.013652371653018632,0.006475421255944182,0.014338688874879116,0.016672763591404238,0.013665169125947119,0.0087220257126523,0.007647749653615288,0.020083863739148857,-0.0077403415122758
2024-08-07,0.0002019985954467227,0.019108583334480157,-0.003059610186022833,-0.002054956331651604,-0.0016746871231213102,-0.013021779843995307,-0.009646842080340398,-0.02662929516906682,-0.012829794471296336,-0.02072505499210442
2024-08-08,0.013568330565368993,0.011709261417167095,0.013437538719593401,0.019539275111203746,0.005635406812091173,-0.0007120120680926778,-0.004203164651530423,0.014329774930232407,0.001146109691609297,-0.0015888334675399046
2024-08-09,-0.023254896826605934,-0.008840471283419422,-0.012995406529226913,-0.03229720814127954,-0.019525488717931215,0.0017443822446220137,0.004642267341226933,-0.005084787421940655,-0.004015535228662717,0.003708065251864865
2024-08-12,-0.002798812503459707,-0.007202254534398206,0.008655709232471057,-0.003908535457272289,0.009901973133297598,-0.0026965045538695077,0.0018049038739172954,-0.022154341277241217,0.005400003127697593,0.001429950229783812
2024-08-13,0.013850379982918397,-0.005311880311714463,-0.004805559903804066,0.003636411598426819,-0.005513279974786016,-0.021087666433241174,-0.01446342211696239,-0.015162252089705258,-0.002232943588487417,-0.01034187840384726
2024-08-14,-0.018630328194249573,-0.004328179683061335,-0.010118380071077241,-0.016794762488350667,-0.013756458884721365,-0.00781284988796395,-0.0032847227832626556,0.002867619713592924,-0.0021141210970887603,-0.0025869435357248447
2024-08-15,0.015168253921117016,0.00496923756992623,0.00459227957621226,0.013836947655255113,0.017517879503046667,0.0023081029261329956,0.006313022128381275,0.004416544183688016,0.006268428128314303,0.0007299606082904286
2024-08-16,0.02258818976144934,0.0071565546627548075,0.007024874747694726,0.021937498085536005,0.018424288134245733,0.017313955733882908,0.006642076549841585,0.007456904906732134,0.022400365941279865,0.005200853341498743
2024-08-19,-0.01941176616835667,-0.023856239772811927,-0.009356276977142032,-0.024725150545559526,-0.041274032546682646,0.0008520678174617354,-0.0025113424929559328,-0.0326444108318101,-0.027221648417672977,-0.005197038581862709
2024-08-20,-0.029011590419798762,-0.004121594400902828,-0.009688523577823167,-0.007699990588359231,-0.0038372616119686435,0.007141121520221511,-0.007053502810186606,0.010200215641215692,-5.134043639484633e-05,-0.007785622636310573
2024-08-21,0.0012932824374200888,-0.005013520067350651,0.00397058016976366,0.009708033342629095,0.015872511989448754,-0.010992768430688166,-0.0047316546981402445,-0.015689634531804997,-0.004588953268763801,-0.0021442794932917584
2024-08-22,0.012269938485412562,0.008670757118315105,0.014660621793382107,0.013081600328551268,0.014340110157035915,-0.01936991291796032,0.001179122086834422,0.00931467951517178,-0.018643370073064987,0.0009326792676888383
2024-08-23,0.02988018441973229,0.01434024624433394,0.015211007531157894,0.017037912592099854,0.02891132726860571,0.0021584100498434726,-0.0069929512776075176,0.005099956700572052,-0.00912634782600001,0.01414891351446564
2024-08-26,-0.002784312658884358,0.0036243713140075846,-0.0014008864937353038,-0.0035564704321380215,-0.009432473201015869,0.007550030098587507,0.0009102741398667208,-0.004926464408597996,-0.0023438328485227136,-0.005907186126043135
2024-08-27,-0.013892550331558626,-0.014731861318415264,-0.007272203150413162,-0.006849423737876915,-0.025105583865509425,-0.00031153888278954213,-0.012793686171293313,0.002023135770776042,-0.000981020846823387,-0.003452241394433804
2024-08-28,0.02838147874171282,0.018218895621470298,0.023279163402237974,0.03855674481628854,0.02513429932556722,0.007256524318165282,0.013244092976782458,0.0005862165220365763,0.0070367686191927506,-0.0013446598674541988
2024-08-29,0.0019725816637937836,-0.0008736475536080268,0.00019101699087348937,-0.012100645762648592,-0.0016344999605949048,0.007569864935072999,0.01179455329956933,0.0012509864590729035,0.005814048748800732,-0.0014091348666533338
2024-08-30,0.02466353140881949,0.0037822487701687406,0.018895267511003237,0.04372068992062829,0.028023888754509174,0.013857781463022072,0.024501620743299035,0.025748865784891946,0.009922640306499414,0.006886502316850436
2024-09-02,0.004534394793069934,0.015928592867340177,-0.004028881910613024,0.01933305147139031,0.040487510741615676,0.005435626504522949,-0.004513350294875771,-0.000695865237610683,0.002385473666854159,-0.00045396487816762424
2024-09-03,-0.038147132774458796,-0.03043499752892419,-0.0351106771081744,-0.027392481072649997,-0.03551598165721015,-0.01882574636482603,-0.021099676471149374,-0.01786751344552271,-0.026612899258535373,-0.003944274275282164
2024-09-04,0.0049617015713529404,0.01213178630945583,0.00191250629516655,0.015007831424099253,0.016181710228526457,0.012635452487221454,0.009006751951230187,0.01537167479644479,0.025833133545118927,-0.0043330533589634275
2024-09-05,-0.003214073533704848,0.011938747131663235,-0.003007577682590201,0.012152649757978381,0.027473350235497664,0.010179825651847493,-0.005645958395124397,0.010780206157152422,0.013327464910180555,0.002803632792643933
2024-09-06,0.0182435900339232,0.004287121223237223,0.017494272637052756,0.024542491722687392,0.00844564991551445,0.022771381690753635,0.027761467543383486,0.03352377312538558,0.016619389594589744,0.016365711948461203
2024-09-09,-0.003510813874869368,0.014658349417237928,0.008313474904410497,0.019186557412328494,0.01866754331350296,0.020849908608453715,0.01088322442832325,-0.009187188481452125,-0.01021376243676819,-0.0020213938803799805
2024-09-10,-0.00907168030134326,-0.009698917609597853,-0.0026976192042980933,-0.0018479016406879492,-0.033853737565258585,-0.01302640409554593,-0.005604032701641905,-0.030192996791074796,-0.014164187897202017,-0.021717724396555057
2024-09-11,0.02346969127267901,0.026264106737360553,0.029244927458212135,0.04060017255853392,0.012845198280636842,0.007141662287918887,0.01481083390394557,0.03857112063605979,-0.0027453548679614217,-0.005712214923285283
2024-09-12,-0.033098077113938966,-0.01658770341048221,-0.007936939510041418,-0.037703201302562626,-0.04442425587562345,0.003178266919614275,0.0033223845106286425,-0.01558556289805533,-0.008139753195213713,-0.005520191458140111
2024-09-13,0.04007908564290859,0.022217332136147204,0.037050039359490014,0.03334791010303041,0.03133213661098272,-0.00611161008112227,0.0026032699198719977,0.009260816793855238,-0.0024167912610780816,0.009863186258265032
2024-09-16,-0.011290582210125518,-0.006968599070136468,0.0011215182814707724,-0.013176329390421437,0.017538843106810833,-0.0013702771879192759,-0.00035640041724223457,0.0020505605154573056,0.001624709111568195,0.011001335948639512
2024-09-17,-0.033305737911545605,-0.02097284506691593,-0.0188541135754113,-0.024792987649409667,-0.042892777999361135,-0.002623331395194505,-0.009893967159979552,-0.01298214358518418,-0.01066140015297562,-0.011730621735523222
2024-09-18,0.03362938609933349,0.019335974073169216,0.01640202487650837,0.025411954954666666,0.029195490801362613,0.019900436610828062,0.00921316433925841,0.016676603086681122,0.010659706586665835,0.023644775621113272
2024-09-19,0.005802537312758385,-0.008039471430604336,0.007372580784498738,0.0005599431210878717,-0.024304596130828717,0.001313136073585085,0.0015518106538566236,0.020853324998040063,-0.0017782366362894758,0.008803747159736747
2024-09-20,-0.004018177252441512,0.008169808614599794,-0.0022714520832776974,0.016686904806619725,-0.007076265373254936,0.004881611003343394,-0.008277172124187484,-0.005483519593200566,-0.001790083627328439,-0.023542862597565738
2024-09-23,-0.020145499060989377,-0.01548877693445717,-0.02318984543620583,-0.02784745906878735,-0.03398418876566555,-0.00951964065434047,-0.022125630299143786,-0.036807555444720155,-0.019078646917681616,-0.019805841208863324
2024-09-24,0.001618898873908944,0.006167605939232186,-0.002429526707077003,0.0008227651151229443,0.02090094222770928,-0.0021082997818535187,-0.004783597873645286,0.0035411708322612913,0.005018444299434768,0.0010018232354760959
2024-09-25,-0.0010134520779250672,0.006521376863417933,0.0029473716482654724,0.0426046898638401,0.03266758289584995,0.01527029239594873,0.014768661343112945,0.026007483955961485,0.007575698654773211,0.002510973722736697
2024-09-26,0.0028085445336180235,-0.0020390248082396973,0.00485326598912067,0.006062097208291594,-0.006268307811579995,-0.02575789799099195,0.009040062877536954,-0.021554514803657148,-0.012350865658891144,-0.01643903747665773
2024-09-27,-0.006157215361876144,-0.015232675027347032,-0.011478111877604598,-0.009200235880466806,-0.011399420386341516,-0.004920980906961569,-0.015533263952126557,-0.030592139884238784,-0.005036350505686554,-0.007507393049780438
2024-09-30,-0.0001840144134777326,-0.007012441369399267,0.005910854340883215,-0.002932736148953917,-0.014164198502599276,-0.007245752519801027,0.00137635383306036,-0.01870343006581844,-0.00029278757791112545,-0.00975981306879655
2024-10-01,0.00012773454758156641,0.014480404023141527,0.0035374551465540485,0.011298705805038878,0.023562075629407885,0.028120607788637713,0.0056765843366267926,-0.005104068889804107,0.001511901102752695,0.003783015929788808
2024-10-02,0.009707475306636782,0.000304834427327411,0.011563020009743252,0.017983207394023464,-0.0002281529570925368,-0.000410857482497714,-0.0010513929329053911,0.013394404655589819,-0.001104571508320715,0.00412283748632563
2024-10-03,-0.00463115213511438,-0.007245498345013098,-0.009919128389926297,-0.023932987367708408,-0.02189416343248579,-0.003693922951355811,-0.004707204653937818,0.004237264286506905,-0.003033445790077078,0.00416627353590022
2024-10-04,0.02142566847872579,0.016239663237164175,0.028975766568901936,0.022069450703038257,0.04647840479314638,0.0035149153026948978,0.01566542732423512,-0.008521237590550193,0.004826993025206322,0.011111317820313995
2024-10-07,0.03182373197864556,0.0129504575975909,0.022236357196625315,0.016732007192784892,0.01673997396974575,-0.001017912780432271,-0.0007490283637231066,0.00246110614029395,0.007703135170068761,0.0033908085612182515
2024-10-08,0.01916015169363019,0.017682918669487714,0.025941679336043577,0.03632311858661466,0.034775701660751744,0.021138189756960395,0.011146588713180307,0.014725455411413868,0.0005636482658463954,0.008169397051196852
2024-10-09,0.0016810497480478175,-0.0034874577218979136,-0.0017671398747096277,0.013806548647048732,-0.0023872468531184795,0.01027214673991165,0.0014118805343165985,0.013575251053721921,0.01248468187728586,-0.003725775084874864
2024-10-10,0.008280376696176556,-0.002066499627386325,0.009502261945291595,0.025685448037571598,0.0028429966428552673,-0.011134875396123232,-0.01602977870473931,-0.02482924391270206,-0.007952964992605602,-0.01932107976853313
2024-10-11,0.004099550722168973,-0.0007870530742512959,-0.004483371172826267,-0.00966988159759679,-0.007184043823728189,0.008935140018443413,-0.015245018307487555,0.0010262261099684988,0.006242239557797695,0.006761233881536756
2024-10-14,0.016797906448739776,0.019991038209825236,0.017208769095816534,0.025714330856387774,0.00873921924195943,0.020004880043002698,0.01213086090889987,0.037245992788991655,0.01617658986715978,0.00040674489394904007
2024-10-15,-0.003226403493635969,-0.014806457027678369,-0.009498687485401024,-0.01187923530222521,-0.007568041246834559,-0.015827098794966563,0.002551473243100812,-0.04299942278935399,-0.008566734620999503,-0.004884773557394419
2024-10-16,-0.006859690461886672,0.011916102296613836,-0.0016469460242102343,-0.005350788742294628,-0.006947768269264755,0.01609817499131511,-0.005287800825696096,-0.005312598741057369,-0.017939199238637925,0.00847256806723184
2024-10-17,-0.025965612458153584,-0.01826386567363572,-0.016258848983792488,-0.012641079855580953,-0.02411119556891765,0.008100005078617172,0.0214569076703217,0.024112544030728694,0.006757162123825384,0.004485466583221462
2024-10-18,0.012742309255976426,0.003882986402953665,-0.009969188730511608,0.0017555160002664459,0.006085351010717112,-0.00966664287713144,-0.018835688600076523,-0.02387467976785867,0.0033385661182543163,-0.0038385105630122764
2024-10-21,-0.010262498351780355,0.0031048462610850118,-0.01659172939021407,-0.020715057954456127,0.0015393538395848054,0.008264085635331578,-0.0029172956375023234,-0.027925785896705795,-0.012324129121126223,0.0012309184815768974
2024-10-22,0.011220062999466447,0.007688691583459967,0.0035632752371374393,0.01749501199303174,0.012547943241916614,0.004226619503507008,-0.0025469082739143557,0.01053646621686166,0.0004783971502771402,0.006303821925917656
2024-10-23,0.009862147364034374,0.013574659353909675,0.007081194847127457,-0.008760250581159037,-0.011094954212543284,-0.01218157831332175,-0.00646931633777939,-0.02053677443647197,-0.014443828492541633,-0.01139623046279403
2024-10-24,-0.0061963546068737755,0.0068207360637506055,0.00016082956727286914,-0.0001205972636758598,-0.004208482816661583,0.008639139081301291,0.008754080907636144,0.034808970187420636,0.004406096789405559,0.00973737045770724
2024-10-25,0.008103527197612691,-0.006778672494410115,-0.005611613288051954,0.02920314319223451,0.009947700485661093,0.005777757239215766,-0.009407599144808548,-0.0009201363275434208,0.015291444409103483,-0.001000259321381051
2024-10-28,-0.007879996725272159,-0.001620730535484074,-0.011402876632282231,-0.0035791919975155973,-0.0004224248447681302,-0.008479514380621191,-0.015230962492764502,-0.0020416949732699535,-0.0056251204562511705,-0.004685402689498882
2024-10-29,-0.007519001263996009,-0.00406001063978033,-0.018689309652736415,-0.010279697303662334,-0.00823495794692945,-0.003104164785910023,-0.007076392077042213,0.010419783085309369,0.0008501231273720894,-0.004510543578662636
2024-10-30,-0.006966970855844521,-0.01556245405036894,-0.00451377893280084,-0.008461539984241,-0.002965626135573391,-0.004696329783987855,0.005232580208300875,0.01826810472662199,0.007785346768571293,0.01570347265983608
2024-10-31,-0.0064797142331155565,0.001006505341419299,-0.003756176109202617,-0.001268407457087025,-0.007926756869548144,-0.0007391988752821967,-0.012313999158512471,-0.017076720618446038,-0.004475320707225115,-0.006034680505165339
2024-11-01,0.011078499223468256,0.008995310040663252,0.012998141809091576,0.021745732927614437,0.017291727996780144,0.018936868893119768,0.023624216893004358,0.03188962355912213,0.012625071686297165,0.01760605650870331
2024-11-04,-0.03203074284548455,-0.012279980629037549,-0.008897626289264883,-0.03122752311226228,-0.029415030019572234,0.007190832207861411,-0.0014032452139609974,0.005816536655807172,-0.01590964970784701,-0.002315777351837476
2024-11-05,-0.0035280944085201876,-0.0031655302486131628,8.532926685668091e-05,-0.006404948194806006,0.01317381800470576,-0.03317759569887177,-0.010875432335092205,-0.04529390319240846,-0.0019606841846603064,-0.004349382670331075
2024-11-06,-0.01218487194857528,0.001290174284141145,-0.010053969703510414,-0.009660043296626633,-0.016989006082126223,0.016466600944208234,0.011952825807371526,0.00907640164951909,-0.0009016568558516547,-0.00023312276243955238
2024-11-07,0.012016902443517564,0.015370464172188831,0.01601539865430245,0.010954891025604612,0.008641352353997206,-0.01599549582818534,-0.0043228443934757105,0.0012228457405928496,-0.0007041513242209176,-0.004661301433327233
2024-11-08,-0.0348599239159275,-0.006734322064986209,-0.01321237493671979,-0.01527072094675309,-0.020495508396270404,0.023165144864671014,0.013119483090852417,0.027266671046384097,-0.0022523829689125225,-3.2244427188643304e-05
2024-11-11,0.0031155146342347205,-0.0008466552680791083,0.010048691999148937,0.024587746390731125,0.020959581195529264,0.007921754641043105,0.009365576604048308,0.033449340287288284,0.0012675025491635829,0.014613941659651854
2024-11-12,-0.012204870543444974,-0.017476144400499657,-0.022600287560533557,-0.024079091467559096,-0.04205304927570709,-0.012951084720226267,-0.014202005305001502,-0.02074140524469194,-0.008908597538206265,-0.0169323258938564
2024-11-13,-0.005288081439180798,-0.0033160060277234813,-0.007515325262071961,-0.019369271401106267,0.007155229792724092,0.01704870577726075,0.020022144152695074,-0.0017592413735182954,0.013446746253275577,0.010799040493468737
2024-11-14,-0.0035247091917190057,0.01580730692015302,0.0022033180779338205,0.004563405126375013,0.023862675505287083,-0.006941187235740256,-0.001921547138638578,0.0012080247779603754,-0.0034544489815595074,-0.004963309845115489
2024-11-15,0.036538524321096555,0.035249981167144166,0.030637289740050654,0.03845282790159403,0.036467048776238055,0.021888781919705023,0.019077123191979194,0.020255473573083393,0.01007757717968154,0.010097790353190104
2024-11-18,0.006244708246741443,0.002584505030761225,0.01174027085636974,0.010477348250141507,-0.008508978870312397,-0.02204631182392834,-0.010332754231915944,-0.00993974577983561,-0.0035024038300856784,-0.01753656224777099
2024-11-19,0.009334830491970487,0.018870050013494157,0.016317473398355778,0.011966075016792867,0.01521298070312943,0.006046321114559313,0.01756389189020075,0.029631609099105095,0.015220471499267205,0.003394447608335218
2024-11-20,0.011534872552189135,-0.0011765724986444904,0.005477316280369983,0.03418489069531865,0.004595703700809662,0.02628489741221926,0.0024504996612502022,0.021195059263694152,0.011964975657062782,0.0021864383004718607
2024-11-21,-0.03588250982724811,-0.024032892989903014,-0.016165311354726992,-0.03084656324740866,-0.035258454603119126,-0.008503673100056177,-0.0003570648667729875,-0.009076456705428476,5.2820540933231705e-05,-0.011996260373216968
2024-11-22,-0.02506380077829732,-0.011407065452377876,-0.03180632284083869,-0.02097435016079772,-0.028696117140843528,-0.0024671721328777983,-0.014122497956147803,-0.0039499079790358245,-0.013463095067192943,-0.006722437218537334
2024-11-25,0.01204778439168842,0.02459039443021178,0.0017817844138600253,0.013839107075501676,0.022194624562191994,0.012434078661926693,-0.012444400896859971,-0.026340378253082067,-0.010456503032510838,-0.002791091243955465
2024-11-26,-0.006076105671153484,0.0007969293120332525,-0.005128630920513636,0.002205972338711987,0.007836120992220657,-0.00828084436128254,0.0034235780482439757,-0.00361508062177058,0.0031210619591425133,-0.011377792947949614
2024-11-27,0.01770081477913356,0.019400712012562812,0.02836431972904407,0.03799608631654429,0.030068181592074156,0.012978920459261896,0.009647518760328266,-0.0019858331343172706,0.002825308854742312,-0.009160222347546015
2024-11-28,-0.003941415918959272,0.0041224785915912115,0.003788631141945947,0.0020888757902801395,-0.00822452180617516,0.017291820031380734,0.0020225881357171125,-0.005034663143832601,-0.001241526445304327,-0.0028053023177945064
2024-11-29,-0.003921576491551422,-0.008230747818640785,-0.01692600609072142,-0.008720089687328405,0.005828224833665709,0.008526629490885352,0.003164052430524601,-0.018038040015414286,0.008403519554944276,-0.0008575486505045096
2024-12-02,-0.020183977642678166,-0.012847143809672007,-0.015016460291306882,-0.010691538472948776,-0.012695784768814578,-0.009602425783318273,0.007573617809908001,0.014583532163971406,-0.009498087669840605,-0.0030494549306562427
2024-12-03,-0.0040218389817879945,-0.000835168573275698,-0.00453837704501345,-0.01636609532954413,-0.000878055966738574,-0.0013678112942356027,0.0024143114228043,-0.01976408788775652,0.016326179240010993,-0.004587815897571011
2024-12-04,-0.00446712946654625,0.0031797333646182025,-0.01161017959064837,-0.009369550549839152,0.014729555556008878,-0.004415489553200774,0.00696656939278559,-0.020536569327980755,0.00668472760070153,-0.002341789887959467
2024-12-05,-0.01984324103872985,-0.014827093874460375,-0.012906848784278268,-0.015338086111265574,-0.01911139536126362,0.02743014975514498,0.003942609832506502,-0.01167550402326318,-0.0068273825244087715,0.008639790762713843
2024-12-06,-0.0069352920076714165,-0.018816789501108225,-0.01908943848801302,-0.0011680653081719027,-0.016193634199607343,-0.002764610599057136,-0.00847186374376335,-0.01065885060903874,0.004144373406221203,-0.0021060736198924403
2024-12-09,-0.01105448103315416,-0.0034945239953557226,0.0027424195726815054,-0.005463590600188332,0.010331932466696087,5.3150963219288426e-05,-0.011074084077480938,-0.0004861724156956904,-0.010696714880803981,0.008190207002420955
2024-12-10,-0.02640892582111271,-0.0049969275463244344,-0.02017443199947225,-0.021982413973376486,-0.009662993695115403,-0.013997802615823817,-0.0036632594072941328,0.0043883202979757945,-0.00941152333686954,0.0015422542327144045
2024-12-11,0.021443775686179604,0.018417952432399104,0.01928695655894936,0.019497742395691995,0.025936891677351318,0.004969018678231738,0.0016039869469865694,0.01767295635918317,0.019136239744468583,0.002522913020477726
2024-12-12,0.020510439168709208,0.017335857818130934,0.0196714822663142,0.0003869520075478983,0.02360854890756095,0.005210199103814957,0.008051799767977019,-0.0037455693773869527,0.012526296418024538,0.009493377785843882
2024-12-13,-0.0097056371847611,-0.0032439521097375836,-0.012008119723324556,-0.01595503631492768,0.0026230404066394657,0.015698188914002282,0.0033272654850598576,0.01800086274120309,0.004825944892322077,0.015315222596014826
2024-12-16,0.04272390075074961,0.018620923103483757,0.02753137963549261,0.05654889667257252,0.03053509482077204,0.01928078105285233,0.011041381954345593,-0.012072403638909702,0.001976692885320943,0.0004286079880347517
2024-12-17,-0.004778388406475944,-0.001441128799910712,0.0007926460385990273,0.006204997789528593,0.000925903966501475,-0.01757879698440393,-0.0165538567380561,-0.03687410891986687,-0.018235497919923554,-0.01209814451271075
2024-12-18,-0.01857699592597422,0.0063386214005569964,0.0004730048069300287,-0.013854182372676932,0.02666782560427806,0.00795785755557555,0.006317014258374924,-0.010155369041711952,0.009522070617621805,0.0012327560162693504
2024-12-19,-0.01918342662607992,0.0027803922180608797,-0.009063709162468226,-0.02332597398441974,-0.024809570171782806,-0.018037472086745877,-0.009914198758246702,-0.0006657613401783682,-0.017322817816788117,-0.013543694990135843
